Workbook

Sheet Instrucciones
B2: EVALUACION HEURISTICA DE USABILIDAD - NIELSEN
B3: Ingenieria de Software - Calidad y Pruebas - Plantilla de Evaluacion
B5: INSTRUCCIONES DE USO
B6: 1. Complete los datos del equipo evaluador en esta hoja.
B7: 2. Navegue por el MVP asignado durante al menos 20 minutos antes de evaluar.
B8: 3. Use la hoja 'Evaluacion' para registrar todos los problemas encontrados.
B9: 4. Para cada problema, asigne una severidad segun la escala de Nielsen (0 a 4).
B10: 5. Documente con capturas de pantalla o notas descriptivas en la columna Evidencia.
B11: 6. La hoja 'Resumen' se actualiza automaticamente al completar la evaluacion.
B12: 7. La hoja 'Referencia' contiene los principios y ejemplos para consulta.
B15: ESCALA DE SEVERIDAD (Nielsen, 1994)
B16: 0 | C16: No es un problema de usabilidad
B17: 1 | C17: Problema cosmético | corregir solo si hay tiempo
B18: 2 | C18: Problema menor | baja prioridad de correccion
B19: 3 | C19: Problema mayor | alta prioridad, dificulta el uso
B20: 4 | C20: CATASTROFICO | imperativo corregir antes del lanzamiento

Sheet Evaluacion
A1: REGISTRO DE PROBLEMAS DE USABILIDAD — EVALUACION HEURISTICA
A2: Complete una fila por cada problema encontrado. Puede agregar mas filas segun sea necesario.
B3: Heurística | C3: Descripción del problema | D3: Ubicación en el MVP | E3: Severidad | F3: Evidencia | G3: Recomendación de mejora | H3: Evaluador
A4: 1 | B4: H1 - Visibilidad del estado | C4: Al generar un reporte no existe indicador de carga ni confirmación de exportación. | D4: Consultas y Reportes | E4: 3 | F4: Exportación de reportes | G4: Mostrar spinner y mensaje "Reporte generado exitosamente". | H4: Guillermo
A5: 2 | B5: H2 - Sistema y mundo real | C5: Algunos nombres técnicos como "Dynamic Query" pueden no ser comprendidos por usuarios finales. | D5: Menú Reportes | E5: 2 | F5: Pantalla de reportes | G5: Renombrar a "Consultas Avanzadas". | H5: Guillermo
A6: 3 | B6: H3 - Control y libertad | C6: No existe opción para cancelar una solicitud una vez enviada. | D6: Formulario Solicitudes | E6: 3 | F6: Formulario de creación | G6: Agregar botón Cancelar y confirmación de salida. | H6: Guillermo
A7: 4 | B7: H4 - Consistencia y estándares | C7: Algunos botones usan distintos textos para la misma acción ("Buscar", "Consultar", "Filtrar"). | D7: Módulos varios | E7: 2 | F7: Navegación general | G7: Unificar nomenclatura. | H7: Guillermo
A8: 5 | B8: H5 - Prevención de errores | C8: El usuario puede intentar generar reportes sin seleccionar filtros obligatorios. | D8: Reportes | E8: 3 | F8: Generación de reportes | G8: Validar filtros antes de ejecutar consulta. | H8: Guillermo
A9: 6 | B9: H6 - Reconocimiento antes que recuerdo | C9: El usuario debe recordar el tipo exacto de solicitud que necesita crear. | D9: Crear Solicitud | E9: 2 | F9: Lista de solicitudes | G9: Incorporar categorías e íconos descriptivos. | H9: Guillermo
A10: 7 | B10: H7 - Flexibilidad y eficiencia | C10: No existe exportación masiva a Excel de resultados. | D10: Consultas y Reportes | E10: 3 | F10: Resultados de consulta | G10: Agregar exportación Excel y CSV. | H10: Guillermo
A11: 8 | B11: H8 - Diseño minimalista | C11: Algunas pantallas muestran demasiados filtros simultáneamente. | D11: Reportes avanzados | E11: 2 | F11: Formulario filtros | G11: Agrupar filtros en secciones desplegables. | H11: Guillermo
A12: 9 | B12: H9 - Recuperación de errores | C12: Los mensajes de error no indican cómo solucionar el problema. | D12: Formularios | E12: 3 | F12: Validaciones | G12: Mostrar mensajes descriptivos y acciones correctivas. | H12: Guillermo
A13: 10 | B13: H10 - Ayuda y documentación | C13: No existe sección de ayuda para usuarios nuevos. | D13: Sistema completo | E13: 2 | F13: Navegación principal | G13: Incorporar guía rápida y FAQ. | H13: Guillermo
A14: 11 | B14: H1 - Visibilidad del estado | C14: No se muestra el estado actual de una solicitud recién creada. | D14: Mis Solicitudes | E14: 2 | F14: Lista de solicitudes | G14: Mostrar etiqueta "Pendiente", "En proceso" o "Resuelta". | H14: Guillermo
A15: 12 | B15: H1 - Visibilidad del estado | C15: El usuario no sabe cuándo fue actualizada por última vez una solicitud. | D15: Detalle Solicitud | E15: 2 | F15: Vista detalle | G15: Mostrar fecha de última actualización. | H15: Guillermo
... A28: 25 | B28: H8 - Diseño minimalista | C28: Exceso de información en algunas tablas de reportes. | D28: Reportes financieros | E28: 2 | F28: Tabla resultados | G28: Ocultar columnas secundarias por defecto. | H28: Guillermo

Sheet Resumen
B1: RESUMEN EJECUTIVO EVALUACION HEURISTICA
B2: Los valores se calculan automaticamente desde la hoja Evaluacion
B4: METRICAS GLOBALES
B5: Total de problemas registrados | C5: =COUNTA(Evaluacion!C4:C28) -> 25
B6: Promedio de severidad | C6: =IFERROR(AVERAGE(Evaluacion!E4:E28),0) -> 2.24
B7: Problemas catastroficos (sev. 4) | C7: =COUNTIF(Evaluacion!E4:E28,4) -> 0
B8: Problemas mayores (sev. 3) | C8: =COUNTIF(Evaluacion!E4:E28,3) -> 8
B9: Problemas menores (sev. 1-2) | C9: =COUNTIFS(Evaluacion!E4:E28,">=1",Evaluacion!E4:E28,"<=2") -> 17
B11: DISTRIBUCION POR HEURISTICA
B12: Heuristica | C12: # Problemas | D12: Sev. Max. | E12: Sev. Prom. | F12: Estado | G12: Prioridad
B13: H1 - Visibilidad del estado | C13: =COUNTIF(Evaluacion!B4:B28,"*H1*") -> 4 | D13: =IFERROR(_xludf.MAXIFS(Evaluacion!E4:E28,Evaluacion!B4:B28,"*H1*"),0) -> 0 | E13: =IFERROR(AVERAGEIF(Evaluacion!B4:B28,"*H1*",Evaluacion!E4:E28),0) -> 2.25 | F13: =IF(C13=0,"Sin problemas",IF(D13>=4,"CRITICO",IF(D13>=3,"MAYOR","MENOR"))) -> MENOR | G13: =IF(C13=0,"Sin problemas",IF(D13=4,"1 - Inmediata",IF(D13=3,"2 - Alta",IF(D13=2,"3 - Media","4 - Baja")))) -> 4 - Baja
B14: H2 - Sistema y mundo real | C14: =COUNTIF(Evaluacion!B4:B28,"*H2*") -> 3 | D14: =IFERROR(_xludf.MAXIFS(Evaluacion!E4:E28,Evaluacion!B4:B28,"*H2*"),0) -> 0 | E14: =IFERROR(AVERAGEIF(Evaluacion!B4:B28,"*H2*",Evaluacion!E4:E28),0) -> 2 | F14: =IF(C14=0,"Sin problemas",IF(D14>=4,"CRITICO",IF(D14>=3,"MAYOR","MENOR"))) -> MENOR | G14: =IF(C14=0,"Sin problemas",IF(D14=4,"1 - Inmediata",IF(D14=3,"2 - Alta",IF(D14=2,"3 - Media","4 - Baja")))) -> 4 - Baja
B15: H3 - Control y libertad | C15: =COUNTIF(Evaluacion!B4:B28,"*H3*") -> 3 | D15: =IFERROR(_xludf.MAXIFS(Evaluacion!E4:E28,Evaluacion!B4:B28,"*H3*"),0) -> 0 | E15: =IFERROR(AVERAGEIF(Evaluacion!B4:B28,"*H3*",Evaluacion!E4:E28),0) -> 2 | F15: =IF(C15=0,"Sin problemas",IF(D15>=4,"CRITICO",IF(D15>=3,"MAYOR","MENOR"))) -> MENOR | G15: =IF(C15=0,"Sin problemas",IF(D15=4,"1 - Inmediata",IF(D15=3,"2 - Alta",IF(D15=2,"3 - Media","4 - Baja")))) -> 4 - Baja
B16: H4 - Consistencia y estandares | C16: =COUNTIF(Evaluacion!B4:B28,"*H4*") -> 3 | D16: =IFERROR(_xludf.MAXIFS(Evaluacion!E4:E28,Evaluacion!B4:B28,"*H4*"),0) -> 0 | E16: =IFERROR(AVERAGEIF(Evaluacion!B4:B28,"*H4*",Evaluacion!E4:E28),0) -> 2 | F16: =IF(C16=0,"Sin problemas",IF(D16>=4,"CRITICO",IF(D16>=3,"MAYOR","MENOR"))) -> MENOR | G16: =IF(C16=0,"Sin problemas",IF(D16=4,"1 - Inmediata",IF(D16=3,"2 - Alta",IF(D16=2,"3 - Media","4 - Baja")))) -> 4 - Baja
B17: H5 - Prevencion de errores | C17: =COUNTIF(Evaluacion!B4:B28,"*H5*") -> 3 | D17: =IFERROR(_xludf.MAXIFS(Evaluacion!E4:E28,Evaluacion!B4:B28,"*H5*"),0) -> 0 | E17: =IFERROR(AVERAGEIF(Evaluacion!B4:B28,"*H5*",Evaluacion!E4:E28),0) -> 3 | F17: =IF(C17=0,"Sin problemas",IF(D17>=4,"CRITICO",IF(D17>=3,"MAYOR","MENOR"))) -> MENOR | G17: =IF(C17=0,"Sin problemas",IF(D17=4,"1 - Inmediata",IF(D17=3,"2 - Alta",IF(D17=2,"3 - Media","4 - Baja")))) -> 4 - Baja
B18: H6 - Reconocimiento > recuerdo | C18: =COUNTIF(Evaluacion!B4:B28,"*H6*") -> 3 | D18: =IFERROR(_xludf.MAXIFS(Evaluacion!E4:E28,Evaluacion!B4:B28,"*H6*"),0) -> 0 | E18: =IFERROR(AVERAGEIF(Evaluacion!B4:B28,"*H6*",Evaluacion!E4:E28),0) -> 1.6666667 | F18: =IF(C18=0,"Sin problemas",IF(D18>=4,"CRITICO",IF(D18>=3,"MAYOR","MENOR"))) -> MENOR | G18: =IF(C18=0,"Sin problemas",IF(D18=4,"1 - Inmediata",IF(D18=3,"2 - Alta",IF(D18=2,"3 - Media","4 - Baja")))) -> 4 - Baja
B19: H7 - Flexibilidad y eficiencia | C19: =COUNTIF(Evaluacion!B4:B28,"*H7*") -> 3 | D19: =IFERROR(_xludf.MAXIFS(Evaluacion!E4:E28,Evaluacion!B4:B28,"*H7*"),0) -> 0 | E19: =IFERROR(AVERAGEIF(Evaluacion!B4:B28,"*H7*",Evaluacion!E4:E28),0) -> 2.6666667 | F19: =IF(C19=0,"Sin problemas",IF(D19>=4,"CRITICO",IF(D19>=3,"MAYOR","MENOR"))) -> MENOR | G19: =IF(C19=0,"Sin problemas",IF(D19=4,"1 - Inmediata",IF(D19=3,"2 - Alta",IF(D19=2,"3 - Media","4 - Baja")))) -> 4 - Baja
B20: H8 - Diseno minimalista | C20: =COUNTIF(Evaluacion!B4:B28,"*H8*") -> 2 | D20: =IFERROR(_xludf.MAXIFS(Evaluacion!E4:E28,Evaluacion!B4:B28,"*H8*"),0) -> 0 | E20: =IFERROR(AVERAGEIF(Evaluacion!B4:B28,"*H8*",Evaluacion!E4:E28),0) -> 2 | F20: =IF(C20=0,"Sin problemas",IF(D20>=4,"CRITICO",IF(D20>=3,"MAYOR","MENOR"))) -> MENOR | G20: =IF(C20=0,"Sin problemas",IF(D20=4,"1 - Inmediata",IF(D20=3,"2 - Alta",IF(D20=2,"3 - Media","4 - Baja")))) -> 4 - Baja
B21: H9 - Recuperacion de errores | C21: =COUNTIF(Evaluacion!B4:B28,"*H9*") -> 1 | D21: =IFERROR(_xludf.MAXIFS(Evaluacion!E4:E28,Evaluacion!B4:B28,"*H9*"),0) -> 0 | E21: =IFERROR(AVERAGEIF(Evaluacion!B4:B28,"*H9*",Evaluacion!E4:E28),0) -> 3 | F21: =IF(C21=0,"Sin problemas",IF(D21>=4,"CRITICO",IF(D21>=3,"MAYOR","MENOR"))) -> MENOR | G21: =IF(C21=0,"Sin problemas",IF(D21=4,"1 - Inmediata",IF(D21=3,"2 - Alta",IF(D21=2,"3 - Media","4 - Baja")))) -> 4 - Baja
B22: H10 - Ayuda y documentacion | C22: =COUNTIF(Evaluacion!B4:B28,"*H10*") -> 1 | D22: =IFERROR(_xludf.MAXIFS(Evaluacion!E4:E28,Evaluacion!B4:B28,"*H10*"),0) -> 0 | E22: =IFERROR(AVERAGEIF(Evaluacion!B4:B28,"*H10*",Evaluacion!E4:E28),0) -> 2 | F22: =IF(C22=0,"Sin problemas",IF(D22>=4,"CRITICO",IF(D22>=3,"MAYOR","MENOR"))) -> MENOR | G22: =IF(C22=0,"Sin problemas",IF(D22=4,"1 - Inmediata",IF(D22=3,"2 - Alta",IF(D22=2,"3 - Media","4 - Baja")))) -> 4 - Baja

Sheet Referencia
B1: REFERENCIA RAPIDA — 10 HEURISTICAS DE NIELSEN
B2: Consulta este panel mientras evaluas el MVP. Los ejemplos son orientativos para sistemas web/movil.
B3: # | C3: Heuristica | D3: Descripcion del principio | E3: Ejemplo en MVP (buena practica) | F3: Señal de problema a registrar
B4: H1 | C4: Visibilidad del estado | D4: El sistema mantiene informado al usuario sobre lo que ocurre mediante feedback oportuno. | E4: Barra de progreso al subir archivos. Spinner de carga. Toast de confirmacion al guardar datos. | F4: Boton que no responde visualmente. Sin indicador de carga. Usuario no sabe si la accion funciono.
B5: H2 | C5: Sistema y mundo real | D5: El sistema usa el lenguaje del usuario: palabras y conceptos familiares, no tecnicos. | E5: Icono de carrito para compras. 'Papelera' para eliminar. Fechas en formato dd/mm/aaaa. | F5: Mensajes tecnicos: 'Error 403 Forbidden'. Terminos internos del sistema expuestos al usuario.
B6: H3 | C6: Control y libertad | D6: El usuario puede salir de acciones no deseadas con salidas de emergencia claras. | E6: Opcion Deshacer al eliminar elemento. Boton Cancelar en formularios. Navegacion por pasos reversible. | F6: Sin forma de cancelar un proceso. Formulario sin boton Atras. Sin opcion de deshacer eliminacion.
B7: H4 | C7: Consistencia y estandares | D7: Las mismas acciones y elementos se comportan igual en todo el sistema. | E7: Boton primario mismo color en todo el sistema. Color rojo siempre indica error. Campos en mismo orden. | F7: Guardar, Registrar y Confirmar para la misma accion. Botones de distinto color por modulo.
B8: H5 | C8: Prevencion de errores | D8: El diseño evita que los errores ocurran antes de que el usuario los cometa. | E8: Campo deshabilitado si falta informacion. Confirmacion antes de eliminar. Validacion en tiempo real. | F8: Fecha 30/02 se acepta sin validar. Boton Enviar activo con campos requeridos vacios.
B9: H6 | C9: Reconocimiento > recuerdo | D9: Minimizar la carga de memoria: las opciones disponibles deben ser visibles, no memorizadas. | E9: Autocompletado en busquedas. Historial de elementos recientes. Breadcrumbs de navegacion. | F9: Usuario debe recordar sintaxis exacta. Formulario borra datos al navegar hacia atras.
B10: H7 | C10: Flexibilidad y eficiencia | D10: Atajos para expertos sin afectar la experiencia de usuarios nuevos. | E10: Atajos de teclado Ctrl+N. Filtros guardados. Exportacion masiva de datos con un clic. | F10: Solo se puede registrar de uno en uno. No hay forma de repetir la ultima accion ejecutada.
B11: H8 | C11: Diseño minimalista | D11: Solo la informacion necesaria: los elementos irrelevantes compiten por la atencion del usuario. | E11: Dashboard con 3 a 5 metricas clave. Formulario en pasos, no todo en una pantalla. | F11: 20 botones visibles simultaneamente. Panel con informacion que nunca se usa en el flujo principal.
B12: H9 | C12: Recuperacion de errores | D12: Los mensajes de error son claros, indican el problema exacto y sugieren una solucion concreta. | E12: 'El correo no tiene formato valido (ej: usuario@dominio.com)'. Enlace directo a solucion del error. | F12: 'Error 500'. 'Operacion fallida'. Mensaje generico sin indicar que hacer para resolverlo.
B13: H10 | C13: Ayuda y documentacion | D13: La ayuda es facil de encontrar, orientada a tareas concretas y accesible desde el flujo. | E13: Tooltip contextual en campos complejos. Guia de inicio rapido. FAQ con buscador integrado. | F13: Manual PDF de 80 paginas sin buscador. Ayuda solo accesible desde el menu principal oculto.
